date,open,high,low,close,volume,diff,ration,real
2016/9/8,84.2,85.2,84.2,85.2,4934,-6.2,-0.072769953,0
2016/9/9,83.2,84.9,83.2,84.1,5430,-8.8,-0.104637337,0
2016/9/10,82.6,83,81.4,82.2,5604,0.6,0.00729927,1
2016/9/12,82.3,83.1,81,81,7212,-1,-0.012345679,1
2016/9/13,82.5,82.5,79,79,13706,5.8,0.073417722,2
2016/9/14,78,78.9,74.1,75.3,25352,9.3,0.123505976,2
2016/9/19,76,82.8,75.4,82.8,21853,1.5,0.018115942,1
2016/9/20,82.8,83.2,80,80,17560,4,0.05,2
2016/9/21,80,86.7,79.6,84.8,28389,1.2,0.014150943,1
2016/9/22,86.4,87.9,84.6,84.6,18549,2.5,0.029550827,1
2016/9/23,85.1,86,84.2,84.3,8485,2.8,0.033214709,2
2016/9/26,85,85,83.5,84,6641,3.3,0.039285714,2
2016/9/29,85,88.8,84.5,86,21572,0.4,0.004651163,1
2016/9/30,85.9,88,84.8,87.1,18311,2,0.022962113,1
2016/10/3,88.1,89.4,87.1,87.1,11670,2.6,0.029850746,1
2016/10/4,87.1,88.2,86.5,87.3,9537,7.5,0.085910653,2
2016/10/5,87.5,87.6,86.4,86.4,7244,6.8,0.078703704,2
2016/10/6,86.5,89.3,86.2,89.1,14104,1.2,0.013468013,1
2016/10/7,93,93.3,89.7,89.7,25443,1.5,0.016722408,1
2016/10/11,92.2,94.8,91.3,94.8,31949,-3.6,-0.037974684,0
2016/10/12,95.2,96,93.2,93.2,23189,-1,-0.010729614,1
2016/10/13,93.9,94.4,90.3,90.3,16143,4.4,0.048726467,2
2016/10/14,90,92.3,89.5,91.2,12471,2.4,0.026315789,1
2016/10/17,92,92,89.6,91.2,7451,3.5,0.038377193,2
2016/10/18,92.3,94.7,91.8,92.2,17289,2.2,0.023861171,1
2016/10/19,93.3,94.9,92.8,94.7,17375,-2.8,-0.029567054,1
2016/10/20,95.6,96.4,93.2,93.6,17008,0.1,0.001068376,1
2016/10/21,94.3,94.8,93.2,94.7,9789,-2.2,-0.023231257,1
2016/10/24,95.2,95.9,94.1,94.4,6545,-2,-0.021186441,1
2016/10/25,94.2,94.9,91.5,91.9,11113,0.5,0.005440696,1
2016/10/26,92.7,94.8,92.6,93.7,14148,-1.9,-0.020277481,1
2016/10/27,94.6,94.6,91.8,92.5,10952,-0.1,-0.001081081,1
2016/10/28,93.8,93.9,91.6,92.4,8604,-6.2,-0.067099567,0
2016/10/31,93.2,93.7,92.2,92.4,7991,-6.9,-0.074675325,0
2016/11/1,92,92.4,90.6,91.8,6495,-7.4,-0.080610022,0
2016/11/2,92.1,92.5,91.3,92.4,7393,-6.7,-0.072510823,0
2016/11/3,91.3,92.6,86.2,86.2,22378,-5.6,-0.064965197,0
2016/11/4,85.5,86,83.4,85.5,14664,-1.2,-0.014035088,1
2016/11/7,84.4,84.9,83.2,84.4,9485,-4,-0.047393365,0
2016/11/8,85,85.9,84.6,85.7,6496,-8.9,-0.103850642,0
2016/11/9,86.5,86.8,80.5,80.6,15438,-2.2,-0.027295285,1
2016/11/10,84.2,84.3,82.3,84.3,8871,-5,-0.059311981,0
2016/11/11,81.2,82.8,79.5,80.4,13398,-1.1,-0.013681592,1
2016/11/14,79,79.4,75.8,76.8,19879,7.2,0.09375,2
2016/11/15,76.8,78.8,76.8,78.4,7938,4.1,0.052295918,2
2016/11/16,78.8,79.9,78.4,79.3,9490,2.4,0.030264817,2
2016/11/17,79.5,79.8,77.7,79.3,6072,3.4,0.042875158,2
2016/11/18,79.9,85.2,79.1,84,19493,-0.5,-0.005952381,1
2016/11/21,83,83.5,82.1,82.5,8405,0.2,0.002424242,1
2016/11/22,82.5,83.9,81.7,81.7,8377,2.2,0.026927785,1
2016/11/23,83,83.4,82.2,82.7,6138,1.9,0.022974607,1
2016/11/24,82.8,83.5,81.7,83.5,7904,0.8,0.009580838,1
2016/11/25,83.8,84.1,82.7,82.7,4838,1.7,0.020556227,1
2016/11/28,83.2,84.1,82.8,83.9,5337,-1.5,-0.017878427,1
2016/11/29,83.9,85.3,82.9,84.6,7396,-2,-0.023640662,1
2016/11/30,84.5,85.5,83.5,84.3,10467,-1.5,-0.017793594,1
2016/12/1,85,86.4,84.4,84.4,8904,-4.3,-0.050947867,0
2016/12/2,83.8,83.9,82,82.4,6421,-2.1,-0.025485437,1
2016/12/5,82.5,83.2,81.4,82.6,5007,-0.7,-0.008474576,1
2016/12/6,83.3,83.9,82.7,82.8,4221,-1.7,-0.020531401,1
2016/12/7,80.5,81.5,80.1,80.1,13795,0.5,0.006242197,1
2016/12/8,80.6,81.1,80.1,80.3,6487,-0.3,-0.00373599,1
2016/12/9,80.6,82.3,79,81.9,10094,-2.1,-0.025641026,1
2016/12/12,82,82.5,81,81.1,4347,-1.6,-0.01972873,1
2016/12/13,80.9,81.5,80.6,80.6,4805,-1.5,-0.018610422,1
2016/12/14,80.9,81.5,80,80,5801,0.5,0.00625,1
2016/12/15,79.5,80,79.1,79.8,5857,0.1,0.001253133,1
2016/12/16,80,81,79.5,79.5,5562,-1.4,-0.017610063,1
2016/12/19,79.5,80.4,79,79.1,3913,-1.9,-0.024020228,1
2016/12/20,79.9,80.6,79.3,80.5,5302,-2.5,-0.031055901,0
2016/12/21,80.5,80.5,79.2,79.9,5300,-1.8,-0.02252816,1
2016/12/22,79.3,79.8,77.7,78.1,9424,0.2,0.002560819,1
2016/12/23,78,78.1,76.8,77.2,6596,0.6,0.007772021,1
2016/12/26,77,78.3,77,78,4005,1,0.012820513,1
2016/12/27,78,78.9,77.5,78.1,3521,1.1,0.014084507,1
2016/12/28,77.7,78.8,77.6,78.3,4381,3.5,0.044699872,2
2016/12/29,77.8,78.4,77.7,77.8,2625,3.5,0.044987147,2
2016/12/30,78,79.3,78,79,3924,2.2,0.027848101,1
2017/1/3,79.2,79.6,78.8,79.2,2989,0,0,1
2017/1/4,79.7,82.7,79.6,81.8,16735,-3.2,-0.039119804,0
2017/1/5,82.5,82.8,81.1,81.3,6363,-1.9,-0.023370234,1
2017/1/6,81.8,81.9,81,81.2,3253,-1.7,-0.020935961,1
2017/1/9,80.6,80.6,78.6,79.2,9593,-0.1,-0.001262626,1
2017/1/10,78.5,78.8,77.5,78.6,6223,0.2,0.002544529,1
2017/1/11,78.5,79.7,78,79.4,4588,0.1,0.001259446,1
2017/1/12,79.5,80.5,79.5,79.5,4717,2.6,0.032704403,2
2017/1/13,80,80.4,79.1,79.1,3573,1.3,0.016434893,1
2017/1/16,78.9,79.1,78.1,78.8,3134,0.8,0.010152284,1
2017/1/17,79.4,79.9,79.1,79.5,2359,-0.8,-0.010062893,1
2017/1/18,79.4,82.3,79.4,82.1,12690,-2.8,-0.03410475,0
2017/1/19,82.1,82.4,80.4,80.4,5791,-2.1,-0.026119403,1
2017/1/20,81,81.8,79.6,79.6,5844,-1.4,-0.01758794,1
2017/1/23,78.8,79.6,78.5,78.7,8307,-0.1,-0.001270648,1
2017/1/24,78.7,79.9,78.7,79.3,4389,-2.4,-0.030264817,0
2017/2/2,80,80,77.6,78.3,7375,-1.5,-0.019157088,1
2017/2/3,78.3,78.8,77.3,78.2,5849,-1.4,-0.017902813,1
2017/2/6,77.6,80,77.6,78.6,7094,-1.6,-0.020356234,1
2017/2/7,76.1,76.9,75.3,76.9,12017,0.3,0.00390117,1
2017/2/8,77.1,77.6,76.2,76.8,7040,-0.6,-0.0078125,1
2017/2/9,76.8,78.2,76.3,76.8,8504,2.1,0.02734375,1
2017/2/10,77.4,78.7,77,77,8956,1.5,0.019480519,1
2017/2/13,78.2,78.4,77.2,77.2,6443,0.3,0.00388601,1
2017/2/14,77.3,78.1,76.1,76.2,8325,1.5,0.019685039,1
2017/2/15,76,83.8,76,78.9,47120,0.2,0.002534854,1
2017/2/16,80.1,81,78.5,78.5,16223,0.9,0.011464968,1
2017/2/17,78.8,79,77.2,77.5,9211,0.9,0.011612903,1
2017/2/18,78,79.1,77.7,77.7,4660,0,0,1
2017/2/20,78.5,82.5,77.8,79.1,23590,-0.2,-0.002528445,1
2017/2/21,80,80.8,78.6,79.4,9110,-1.5,-0.018891688,1
2017/2/22,80,80,78.3,78.4,9695,-0.7,-0.008928571,1
2017/2/23,78.8,79,77.6,77.7,7771,0.1,0.001287001,1
2017/2/24,78,79.4,77.8,78.9,5900,-2.5,-0.031685678,0
2017/3/1,79.3,79.8,77.9,77.9,6867,-0.7,-0.008985879,1
2017/3/2,78.5,78.8,77.5,77.7,4952,-0.8,-0.01029601,1
2017/3/3,78,79.4,77.7,77.8,6603,-1.6,-0.020565553,1
2017/3/6,78.4,78.4,74.5,76.4,16150,0.1,0.001308901,1
2017/3/7,76.8,77.4,76,77.2,5360,-1.3,-0.016839378,1
2017/3/8,77.5,77.5,76.8,76.9,2926,-0.7,-0.009102731,1
2017/3/9,76.9,76.9,76.2,76.2,3269,-0.3,-0.003937008,1
2017/3/10,76.4,76.7,74.7,76.5,6680,-0.7,-0.009150327,1
2017/3/13,77,77,75.9,75.9,3001,-0.4,-0.005270092,1
2017/3/14,76.1,76.8,76,76.2,5232,0.3,0.003937008,1
2017/3/15,76.1,76.4,75.8,75.9,7310,0.5,0.006587615,1
2017/3/16,76.6,76.9,75.8,75.8,4325,1,0.013192612,1
2017/3/17,76,76.3,75.5,75.5,4344,2.1,0.02781457,1
2017/3/20,76,77.8,75.6,76.5,6699,0.6,0.007843137,1
2017/3/21,77.2,77.3,76.3,76.4,3338,0.3,0.003926702,1
2017/3/22,76.1,76.8,75.4,76.8,3367,0.8,0.010416667,1
2017/3/23,76.9,78.9,76.8,77.6,12310,0.4,0.005154639,1
2017/3/24,78,78.6,77.1,77.1,4987,0.4,0.005188067,1
2017/3/27,76.5,77.2,76.4,76.7,3183,0.8,0.010430248,1
2017/3/28,77.8,80,76.6,77.6,20376,1.4,0.018041237,1
2017/3/29,78.2,78.9,77.7,78,4898,1.2,0.015384615,1
2017/3/30,78.4,78.6,77.5,77.5,4316,2,0.025806452,1
2017/3/31,77.9,79.2,77.5,77.5,7676,1,0.012903226,1
2017/4/5,78.7,79.3,78.3,79,9800,-1.2,-0.015189873,1
2017/4/6,79.4,80,78.6,79.2,6824,-1.3,-0.016414141,1
2017/4/7,80.6,81.5,79.5,79.5,18117,-3,-0.037735849,0
2017/4/10,80.6,80.6,78.5,78.5,4024,-4,-0.050955414,0
2017/4/11,78.7,79,77.7,77.8,3326,-5.8,-0.074550129,0
2017/4/12,78,78.7,77.6,77.9,3337,-5.7,-0.073170732,0
2017/4/13,77.5,77.5,76.5,76.5,6353,-5.7,-0.074509804,0
2017/4/14,76,76.4,74.5,74.5,8982,-4.2,-0.056375839,0
2017/4/17,74,74.2,70.7,72,13817,-1.3,-0.018055556,1
2017/4/18,72.5,72.9,71.8,72.2,5256,-1.2,-0.016620499,1
2017/4/19,71.9,71.9,70.1,70.8,9869,0.7,0.009887006,1
2017/4/20,70.8,71.9,70.3,70.3,5182,1.3,0.018492176,1
2017/4/21,71.2,71.5,70.3,70.7,4365,2,0.028288543,1
2017/4/24,71.3,71.7,70.1,71,4175,1.4,0.01971831,1
2017/4/25,71.5,71.6,70.9,71.5,3195,-0.6,-0.008391608,1
2017/4/26,71.7,72.2,71.4,71.6,3573,-0.7,-0.009776536,1
2017/4/27,72,73.5,71.7,72.7,4769,-1,-0.013755158,1
2017/4/28,73.5,74,72.4,72.4,5352,-1.4,-0.019337017,1
2017/5/2,72.6,72.9,70.8,70.9,7115,-3,-0.042313117,0
2017/5/3,71.1,72,70.9,70.9,3700,-7.9,-0.111424542,0
2017/5/4,71.3,71.7,71,71.7,2379,-2.4,-0.033472803,0
2017/5/5,71.8,72,71,71,2397,-2,-0.028169014,1
2017/5/8,70.3,70.4,67.2,67.9,12469,2.5,0.036818851,2
2017/5/9,67.5,67.7,61.6,63,24117,7.4,0.117460317,2
2017/5/10,65,69.3,65,69.3,29260,0.5,0.007215007,1
2017/5/11,69.5,69.7,67.6,69,13943,2.2,0.031884058,2
2017/5/12,69,73.6,68.1,70.4,23051,1.3,0.018465909,1
2017/5/15,71,71.8,70.4,70.4,7799,0.1,0.001420455,1
2017/5/16,70.9,71.3,69.5,69.8,7010,0.8,0.011461318,1
2017/5/17,71.9,73.3,70.6,71.2,19239,-0.8,-0.011235955,1
2017/5/18,70.4,72,69.6,71.7,8081,-1.2,-0.016736402,1
2017/5/19,71.9,72.1,70.5,70.5,6144,0.8,0.011347518,1
2017/5/22,70.7,71.5,70.6,70.6,3886,1,0.014164306,1
2017/5/23,70.6,71,70.4,70.4,3041,2.3,0.032670455,2
2017/5/24,71.3,71.6,70.5,70.5,4606,1.1,0.015602837,1
2017/5/25,70.9,71.5,70.7,71.3,4581,0.2,0.002805049,1
2017/5/26,71.6,72.2,71,71.6,4993,0.4,0.005586592,1
2017/5/31,72.8,74.5,72.7,72.7,21290,-0.7,-0.009628611,1
2017/6/1,72.8,72.9,71.5,71.6,5714,1.2,0.016759777,1
2017/6/2,72,72.5,71.1,71.5,4609,0.2,0.002797203,1
2017/6/3,72.3,72.3,71.7,72,1964,-1.2,-0.016666667,1
2017/6/5,72.3,72.6,71.3,72,3927,-1.3,-0.018055556,1
2017/6/6,72.7,73.5,72.4,72.8,6941,-2.6,-0.035714286,0
2017/6/7,73,73.3,71.7,71.7,8750,-1.7,-0.023709902,1
2017/6/8,72,72.3,70.4,70.8,5010,-2.6,-0.036723164,0
2017/6/9,71,71.8,70.6,70.7,4640,-2.1,-0.02970297,1
2017/6/12,70.2,70.7,69.9,70.2,3623,-0.4,-0.005698006,1
2017/6/13,70.7,70.9,70,70,2998,-0.6,-0.008571429,1
2017/6/14,70.4,70.6,67.6,68.2,6888,1.6,0.023460411,1
2017/6/15,68.3,69.4,68.1,68.6,5448,1.2,0.017492711,1
2017/6/16,69.4,69.8,68.8,69.8,6674,-0.1,-0.001432665,1
2017/6/19,70.2,70.4,69.4,69.4,3800,-0.4,-0.005763689,1
2017/6/20,70,70.5,69.6,69.8,4280,-0.2,-0.00286533,1
2017/6/21,70.2,70.3,69.3,69.8,3821,3,0.042979943,2
2017/6/22,70,70.2,69.4,69.7,2786,4.2,0.06025825,2
2017/6/23,69.7,70.1,69,69,2665,3.8,0.055072464,2
2017/6/26,69,69.9,68.8,69.6,3274,3,0.043103448,2
2017/6/27,70.3,75.5,70.3,72.8,30127,-1.1,-0.01510989,1
2017/6/28,73.2,74.5,72.8,73.9,15201,-2,-0.027063599,1
2017/6/29,74.9,75,72.8,72.8,11168,-1.2,-0.016483516,1
2017/6/30,72.9,73.5,72.3,72.6,5009,-0.6,-0.008264463,1
2017/7/3,73.2,73.3,71.7,71.7,3941,1.4,0.019525802,1
2017/7/4,72.7,73.4,71.9,71.9,6505,-0.7,-0.009735744,1
2017/7/5,72.1,72.2,71,71.6,3732,0.8,0.011173184,1
2017/7/6,71.6,72.6,71.1,72,4291,0.1,0.001388889,1
2017/7/7,75.5,76.2,73,73.1,24751,-1,-0.013679891,1
2017/7/10,73.5,73.6,70.7,71.2,8952,0.5,0.007022472,1
2017/7/11,71.8,72.4,71.5,72.4,5137,0.6,0.008287293,1
2017/7/12,73,73.3,72.1,72.1,5420,0,0,1
2017/7/13,72.3,72.4,71.4,72.1,3819,0.2,0.002773925,1
2017/7/14,72.8,73,71.7,71.7,4771,1.7,0.023709902,1
2017/7/17,72.3,73,71.6,73,5936,0.2,0.002739726,1
2017/7/18,73.3,73.5,72.1,72.1,5927,0.6,0.008321775,1
2017/7/19,72.5,72.9,72.1,72.3,5293,-0.1,-0.001383126,1
2017/7/20,72.8,73.8,72.3,73.4,8639,-1.9,-0.025885559,1
2017/7/21,73.8,74.4,73.1,73.2,8213,-1.4,-0.019125683,1
2017/7/24,73,73.2,72.6,72.7,3124,-1.5,-0.020632737,1
2017/7/25,72.7,73.8,72.2,72.2,4781,-0.5,-0.006925208,1
2017/7/26,72.8,72.8,71.5,71.5,5321,0.1,0.001398601,1
2017/7/27,71.9,72.2,71.5,71.8,3434,0.8,0.011142061,1
2017/7/28,72,72.3,71.2,71.2,3627,-0.3,-0.004213483,1
2017/7/31,71.3,72.3,71.1,71.7,4515,-0.4,-0.005578801,1
2017/8/1,71.7,72.6,71.6,71.6,5122,-0.9,-0.012569832,1
2017/8/2,72,73,71.3,72.6,6823,-1.9,-0.026170799,1
2017/8/3,72.6,72.6,70.2,70.9,8280,-1.7,-0.023977433,1
2017/8/4,71.3,71.8,71,71.3,3437,-2.7,-0.037868163,0
2017/8/7,70.7,71.7,70.7,70.7,4947,-2.3,-0.032531825,0
2017/8/8,71,71.5,70.7,70.7,4003,-8.5,-0.120226308,0
2017/8/9,70.7,70.8,69.1,69.2,7782,-5.9,-0.085260116,0
2017/8/10,69.9,70.4,68.3,68.6,7993,-5.8,-0.084548105,0
2017/8/11,68.3,69.2,67.8,68.4,4760,-5.7,-0.083333333,0
2017/8/14,68,68.2,62,62.2,26511,0.3,0.004823151,1
2017/8/15,62.3,64.5,59.7,63.3,26473,-1.7,-0.02685624,1
2017/8/16,62.5,63.6,61.1,62.8,10081,4.4,0.070063694,2
2017/8/17,62.3,63.2,62.2,62.7,5423,2.6,0.041467305,2
2017/8/18,62,63,61.2,62.5,6135,3.1,0.0496,2
2017/8/21,62.5,62.5,61.3,61.6,4302,7.1,0.11525974,2
2017/8/22,62.3,67.7,62.1,67.2,25669,3.8,0.056547619,2
2017/8/23,67.7,67.8,65.1,65.3,10671,5.6,0.08575804,2
2017/8/24,65.3,66.8,65.3,65.6,5552,4.4,0.067073171,2
2017/8/25,66.6,71.2,66.4,68.7,22965,0,0,1
2017/8/28,70,72.7,70,71,19521,-2.1,-0.029577465,1
2017/8/29,70.9,72.5,69.6,70.9,11404,-2.3,-0.032440056,0
2017/8/30,71.6,71.8,69.8,70,7851,-1,-0.014285714,1
2017/8/31,70.5,70.7,68.7,68.7,7304,-0.2,-0.002911208,1
2017/9/1,68.5,69.5,68.2,68.9,5858,-4.9,-0.071117562,0
2017/9/4,69,70,68.4,68.6,4838,-1.9,-0.027696793,1
2017/9/5,69.1,69.3,67.2,69,6196,-3.1,-0.044927536,0
2017/9/6,68.1,70.3,68.1,68.5,7804,-2.6,-0.037956204,0
2017/9/7,63,65.1,63,64,20106,7.5,0.1171875,2
2017/9/8,67.5,68.1,66.1,66.7,16216,3.3,0.049475262,2
2017/9/11,65.9,67.5,65,65.9,8598,1.5,0.02276176,1
2017/9/12,66.8,66.9,65.2,65.9,5013,1.6,0.024279211,1
2017/9/13,66.6,72.4,65.7,71.5,44092,-3.9,-0.054545455,0
2017/9/14,71.9,71.9,70,70,15019,-0.7,-0.01,1
2017/9/15,70.1,71.5,67,67.4,12834,1.9,0.028189911,1
2017/9/18,68.5,68.7,67.1,67.5,7267,8.7,0.128888889,2
2017/9/19,68,68.4,67.2,67.6,4120,13.4,0.198224852,2
2017/9/20,67.8,69.6,67.6,69.3,12784,8.7,0.125541126,2
2017/9/21,69.3,69.3,69.3,69.3,0,4.7,0.067821068,2
2017/9/22,76.2,76.2,76.2,76.2,5483,-0.7,-0.009186352,1
2017/9/25,83.1,83.2,78,81,91784,-5.2,-0.064197531,0
2017/9/26,82.5,83.7,78,78,41065,-2.9,-0.037179487,0
2017/9/27,79.5,79.9,73.2,74,41224,0.3,0.004054054,1
2017/9/28,74.4,77,72.7,75.5,35018,-3,-0.039735099,0
2017/9/29,75.5,76.5,74.8,75.8,15564,-4.2,-0.055408971,0
2017/9/30,76.6,76.9,75,75.1,6916,-3.2,-0.042609854,0
2017/10/2,75.6,75.6,74.2,74.3,7573,-2.7,-0.036339166,0
2017/10/3,74.1,74.4,71.8,72.5,15162,-0.9,-0.012413793,1
2017/10/5,73,73.8,71.6,71.6,10744,1.5,0.020949721,1
2017/10/6,72.2,73.2,71.8,71.9,10054,0.9,0.012517385,1
2017/10/11,73.2,74.3,71.4,71.6,15091,-1.8,-0.025139665,1
2017/10/12,72.5,72.6,71.3,71.6,7426,-2.1,-0.029329609,1
2017/10/13,71.8,73.6,71.6,73.1,12162,-2,-0.027359781,1
2017/10/16,73.5,73.8,72.6,72.8,7423,-2.4,-0.032967033,0
2017/10/17,73.1,73.2,69.5,69.8,13920,0.2,0.00286533,1
2017/10/18,70,70.6,68.8,69.5,9079,1.1,0.015827338,1
2017/10/19,69.8,71.5,69.8,71.1,7635,-1.3,-0.018284107,1
2017/10/20,71.1,71.8,70.2,70.4,5452,-0.4,-0.005681818,1
2017/10/23,70.5,71.1,69.8,70,3778,-0.9,-0.012857143,1
2017/10/24,69.8,71.2,69.7,70.6,5369,-3,-0.042492918,0
2017/10/25,70.6,70.9,69.8,69.8,4463,-2.2,-0.031518625,0
2017/10/26,69.9,70.4,69.5,70,2820,-0.9,-0.012857143,1
2017/10/27,70.6,71,69.1,69.1,5290,-0.6,-0.008683068,1
2017/10/30,69.7,69.8,67.2,67.6,6706,0.5,0.00739645,1
2017/10/31,67.6,68.1,67.3,67.6,5839,-0.2,-0.00295858,1
2017/11/1,68,69.3,67.7,69.1,6219,-1.8,-0.026049204,1
2017/11/2,69,69.8,68.5,68.5,3706,-1.2,-0.017518248,1
2017/11/3,69,69.8,68.1,68.1,4476,-0.7,-0.010279001,1
2017/11/6,68.2,68.5,66.7,67.4,5363,-0.7,-0.010385757,1
2017/11/7,68.1,68.2,67.3,67.3,3875,-2.7,-0.040118871,0
2017/11/8,67.4,67.8,67,67.3,2892,-2.2,-0.03268945,0
2017/11/9,68.2,68.8,67.4,67.4,6988,-1.3,-0.019287834,1
2017/11/10,67,67,65.8,66.7,7045,-0.7,-0.010494753,1
2017/11/13,66.5,66.6,64.6,64.6,9374,2.9,0.044891641,2
2017/11/14,64.7,65.2,63.5,65.1,5125,2.8,0.043010753,2
2017/11/15,65.2,67.9,64.8,66.1,8040,2,0.030257186,2
2017/11/16,66,66.9,65.8,66,3484,1.5,0.022727273,1
2017/11/17,66.7,67.5,66.5,67.5,5177,1.3,0.019259259,1
2017/11/20,68,68.9,67.8,67.9,4162,1.9,0.027982327,1
2017/11/21,68.2,68.5,67.7,68.1,3116,0.2,0.002936858,1
2017/11/22,68.4,68.6,67.5,67.5,4778,0.2,0.002962963,1
2017/11/23,67.6,69.8,67.5,68.8,5901,-0.2,-0.002906977,1
2017/11/24,69,71.8,68.5,69.8,10731,-2.4,-0.034383954,0
2017/11/27,70,70.3,68.2,68.3,5053,0.1,0.001464129,1
2017/11/28,68,68.7,67.6,67.7,3080,0.9,0.013293944,1
2017/11/29,68.4,69,67.8,68.6,2888,-0.5,-0.00728863,1
2017/11/30,68.6,69.2,67.4,67.4,4372,-1,-0.014836795,1
2017/12/1,68.1,69.3,67.1,68.4,5402,-3.6,-0.052631579,0
2017/12/4,68.6,69.8,68.1,68.6,3745,-3.6,-0.052478134,0
2017/12/5,69,69.4,68.1,68.1,2833,-2.1,-0.030837004,0
2017/12/6,68.5,68.8,66,66.4,4670,-2.1,-0.031626506,0
2017/12/7,66,66.5,64.8,64.8,6030,0.3,0.00462963,1
2017/12/8,65.2,65.6,64.5,65,3295,2.8,0.043076923,2
2017/12/11,65,66.3,64.9,66,2297,2.9,0.043939394,2
2017/12/12,65.7,65.7,64,64.3,3889,8.7,0.135303266,2
2017/12/13,64.4,65.8,64.3,65.1,3188,6.6,0.101382488,2
2017/12/14,65.5,68.8,65.2,67.8,8228,4.9,0.072271386,2
2017/12/15,70.4,70.7,68.7,68.9,14616,3.1,0.044992743,2
2017/12/18,70,73.5,69.6,73,26580,2.1,0.028767123,1
2017/12/19,73.1,74.3,71.2,71.7,13091,2.3,0.032078103,2
2017/12/20,73.2,73.6,72.2,72.7,8094,-0.3,-0.004126547,1
2017/12/21,72.7,72.7,71.7,72,4670,0.8,0.011111111,1
2017/12/22,72.7,77,72.6,75.1,29583,-1.5,-0.019973369,1
2017/12/25,76,76.2,74,74,11754,-0.9,-0.012162162,1
2017/12/26,74.5,74.5,71.8,72.4,7525,1.5,0.020718232,1
2017/12/27,73.3,73.9,72.6,72.8,4333,1.4,0.019230769,1
2017/12/28,74.2,75.4,73.6,73.6,7628,2,0.027173913,1
2017/12/29,74.9,75,73,73.1,7243,2.1,0.02872777,1
2018/1/2,73.5,74.4,73.1,73.9,4682,-1.9,-0.025710419,1
2018/1/3,75,75.2,74.1,74.2,5891,-1.9,-0.025606469,1
2018/1/4,75,76.8,74.1,75.6,12687,-4.8,-0.063492063,0
2018/1/5,76,76.6,75.2,75.2,7484,-5,-0.066489362,0
2018/1/8,73.8,74.5,72,72,10224,-0.7,-0.009722222,1
2018/1/9,72.8,73.2,71.6,72.3,4617,-0.5,-0.006915629,1
2018/1/10,72.8,72.8,70.8,70.8,5901,1.8,0.025423729,1
2018/1/11,70.6,71.3,70.2,70.2,3729,2.8,0.03988604,2
2018/1/12,70.5,71.4,70.4,71.3,2473,0.7,0.009817672,1
2018/1/15,72.3,72.7,71.6,71.8,3371,-0.7,-0.009749304,1
2018/1/16,72.3,73.5,71.8,72.6,4809,-1.4,-0.019283747,1
2018/1/17,72.3,73.8,72,73,5938,-3.5,-0.047945205,0
2018/1/18,73.6,73.6,72,72,3802,-2.8,-0.038888889,0
2018/1/19,72.2,72.3,71,71.1,9177,-2.5,-0.035161744,0
2018/1/22,71,71.9,70.2,71.2,4175,-1.9,-0.026685393,1
2018/1/23,71.3,71.3,69.3,69.5,7343,0.7,0.010071942,1
2018/1/24,69.4,70.2,69.1,69.2,7666,2.2,0.031791908,2
2018/1/25,69.8,70.4,68.5,68.6,7217,2.4,0.034985423,2
2018/1/26,68.8,69.5,68.8,69.3,3072,1.2,0.017316017,1
2018/1/29,69.8,71.5,69.6,70.2,5961,0.4,0.005698006,1
2018/1/30,70.5,71.8,70.1,71.4,9364,-2.8,-0.039215686,0
2018/1/31,73.7,75,71,71,20613,-8.7,-0.122535211,0
2018/2/1,71,71.7,70.5,70.5,5170,-7,-0.09929078,0
2018/2/2,70.4,71.2,70.2,70.6,3346,-8.5,-0.120396601,0
2018/2/5,69.1,69.3,67.4,68.6,5384,-8.6,-0.125364431,0
2018/2/6,66.1,67,61.9,62.3,14244,-2.4,-0.038523274,0
2018/2/7,63.8,64.6,63,63.5,8131,-0.5,-0.007874016,1
2018/2/8,63.1,63.5,62.1,62.1,5215,-0.1,-0.001610306,1
2018/2/9,58.3,60,57.8,60,8199,2.5,0.041666667,2
2018/2/12,60.1,60.5,59.8,59.9,3968,2.3,0.038397329,2
2018/2/21,62.6,63,61.2,63,6676,-2,-0.031746032,0
2018/2/22,62.9,62.9,61.9,62,3075,-0.6,-0.009677419,1
2018/2/23,62.8,63.7,62.4,62.5,4971,-1.5,-0.024,1
2018/2/26,63,63.3,61.9,62.2,2562,-1.7,-0.02733119,1
2018/2/27,62.6,63.3,60.9,61,6162,-0.5,-0.008196721,1
2018/3/1,60.7,61.8,60.4,61.4,3649,-0.9,-0.01465798,1
2018/3/2,61.1,61.8,60.7,61,2926,0.1,0.001639344,1
2018/3/5,61.5,62.5,60.5,60.5,4034,0.6,0.009917355,1
2018/3/6,61.1,61.4,60.5,60.5,2757,1.5,0.024793388,1
2018/3/7,59.5,60.5,58.6,60.5,4623,2.5,0.041322314,2
2018/3/8,60.7,61.4,60.7,61.1,2440,1.2,0.019639935,1
2018/3/9,61.9,61.9,61,61.1,3006,0.7,0.011456628,1
2018/3/12,61.4,62.2,61.4,62,3165,0.3,0.00483871,1
2018/3/13,62.2,63.9,62,63,7520,-0.6,-0.00952381,1
2018/3/14,62.7,62.9,62.1,62.3,2882,-0.3,-0.004815409,1
2018/3/15,62.2,62.4,61.7,61.8,3053,5.8,0.093851133,2
2018/3/16,61.6,63.2,61.5,62.3,7621,3.7,0.059390048,2
2018/3/19,62.3,63.1,62.2,62.4,2807,1.5,0.024038462,1
2018/3/20,61.6,62.3,61.6,62,2381,1,0.016129032,1
2018/3/21,62.3,67.6,62.3,67.6,18176,-0.6,-0.00887574,1
2018/3/22,68.6,70.5,65.8,66,22768,0.2,0.003030303,1
2018/3/23,64,64.9,63.5,63.9,8797,2.4,0.037558685,2
2018/3/26,63.2,64.4,63,63,5218,3.3,0.052380952,2
2018/3/27,63,68.3,63,67,29633,1.1,0.01641791,1
2018/3/28,67,68.6,65.3,66.2,19471,1.1,0.016616314,1
2018/3/29,66.1,67.3,66.1,66.3,8662,1.3,0.019607843,1
2018/3/30,67,68,66.3,66.3,7291,0.2,0.003016591,1
2018/3/31,67,68.7,66.5,68.1,12529,-3.6,-0.052863436,0
2018/4/2,69,70.4,67.3,67.3,13168,-3.6,-0.053491828,0
2018/4/3,67,67.8,66.5,67.6,7789,-4,-0.059171598,0
2018/4/9,70,70,66.2,66.5,9464,-3.5,-0.052631579,0
2018/4/10,66,66.6,64,64.5,8599,-2.4,-0.037209302,0
2018/4/11,64.7,65.3,63.4,63.7,6297,-1.9,-0.029827316,1
2018/4/12,64,64.5,63.3,63.6,4001,-1.8,-0.028301887,1
2018/4/13,64.2,64.5,63,63,4676,-1.5,-0.023809524,1
2018/4/16,63,63.4,61.9,62.1,5043,0.4,0.006441224,1
2018/4/17,62.9,63.8,60.8,61.8,8611,-0.6,-0.009708738,1
2018/4/18,62.3,62.5,61.2,61.8,4933,-1.8,-0.029126214,1
2018/4/19,62.1,62.3,61.4,61.5,4087,-0.8,-0.01300813,1
2018/4/20,61.5,62.5,61.2,62.5,3889,-5.1,-0.0816,0
2018/4/23,62.1,62.8,61.2,61.2,3122,-6.2,-0.10130719,0
2018/4/24,61.5,61.8,60,60,3769,0.5,0.008333333,1
2018/4/25,60.1,61.1,60,60.7,2107,-2.3,-0.037891269,0
2018/4/26,61,61.4,57.3,57.4,6607,0.7,0.012195122,1
2018/4/27,58.1,58.4,55,55,11225,3.5,0.063636364,2
2018/4/30,56,60.5,55.4,60.5,14547,-3.8,-0.062809917,0
2018/5/2,60.5,60.5,58.1,58.4,9881,-0.9,-0.015410959,1
2018/5/3,58.3,59,57.8,58.1,4075,-1.7,-0.029259897,1
2018/5/4,58.9,59.8,58.5,58.5,3772,-2,-0.034188034,0
2018/5/7,58.5,58.9,56.1,56.7,7145,-0.3,-0.005291005,1
2018/5/8,58,59.5,57.2,57.5,14693,-0.7,-0.012173913,1
2018/5/9,57.5,57.8,56.3,56.4,5425,1.4,0.024822695,1
2018/5/10,57,57.5,56.2,56.5,3775,1.9,0.033628319,2
2018/5/11,56.5,57.2,56.3,56.4,4483,3.1,0.054964539,2
2018/5/14,57,57.4,56.4,56.8,4174,1.5,0.026408451,1
2018/5/15,57.2,59.4,57.1,57.8,8778,0.9,0.015570934,1
2018/5/16,59,59.4,58.4,58.4,6503,-0.3,-0.005136986,1
2018/5/17,59.1,62.1,58.7,59.5,13861,-2.3,-0.038655462,0
2018/5/18,59.9,60.1,58.3,58.3,5202,0.8,0.013722127,1
2018/5/21,58.7,59.6,58.7,58.7,4178,-0.5,-0.008517888,1
2018/5/22,59.4,59.6,58.1,58.1,4541,0.5,0.008605852,1
2018/5/23,58.4,58.6,57.1,57.2,3611,1.1,0.019230769,1
2018/5/24,58.1,59.6,58,59.1,8942,-0.6,-0.010152284,1
2018/5/25,58.5,58.7,57.9,58.2,4204,0.4,0.006872852,1
2018/5/28,59.5,59.6,58.5,58.6,4721,-0.1,-0.001706485,1
2018/5/29,58.7,59,58.1,58.3,2506,0.9,0.015437393,1
2018/5/30,58,59.3,57.8,58.5,5435,1.4,0.023931624,1
2018/5/31,59.2,59.4,58.3,58.6,5954,2,0.034129693,2
2018/6/1,58.2,59.1,58.2,58.5,3456,1.2,0.020512821,1
2018/6/4,58.9,59.4,58.7,59.2,4753,1,0.016891892,1
2018/6/5,59.4,60.7,58.9,59.9,8640,-0.3,-0.005008347,1
2018/6/6,60.3,61.6,60.1,60.6,6963,-1.4,-0.02310231,1
2018/6/7,61.2,61.5,59.6,59.7,5827,0.2,0.003350084,1
2018/6/8,60.3,61.2,60,60.2,4892,-0.7,-0.011627907,1
2018/6/11,60.4,60.7,59.5,59.6,3657,-0.3,-0.005033557,1
2018/6/12,59.7,60.3,59.2,59.2,3951,-0.2,-0.003378378,1
2018/6/13,59.6,60.3,59.5,59.9,3502,-3,-0.050083472,0
2018/6/14,60.2,60.8,59.5,59.5,4361,-3,-0.050420168,0
2018/6/15,59.6,59.8,59,59.3,7479,-2.6,-0.043844857,0
2018/6/19,59,60.5,59,59,4845,-2.4,-0.040677966,0
2018/6/20,59.5,59.5,56.4,56.9,7558,-0.9,-0.015817223,1
2018/6/21,57.1,57.9,56.4,56.5,3507,0.4,0.007079646,1
2018/6/22,56.5,57.2,56.1,56.7,3270,-0.9,-0.015873016,1
2018/6/25,57,57.4,56.6,56.6,2240,0.3,0.005300353,1
2018/6/26,56.5,56.5,55.5,56,3215,0.6,0.010714286,1
2018/6/27,56.6,58.2,56.4,56.9,4732,-4.1,-0.072056239,0
2018/6/28,56.5,56.8,55.8,55.8,3630,-5.2,-0.093189964,0
2018/6/29,56.3,57.2,56.2,56.9,3286,-5.6,-0.098418278,0
2018/7/2,56.8,57.5,56.6,56.6,2616,-4.9,-0.086572438,0
2018/7/3,56,56.4,52.5,52.8,13945,-0.9,-0.017045455,1
2018/7/4,51.7,52.3,50.3,50.6,9752,0.6,0.011857708,1
2018/7/5,51,52.3,50.9,51.3,4942,-0.2,-0.003898635,1
2018/7/6,51.5,52.2,50.5,51.7,3685,-0.3,-0.005802708,1
2018/7/9,50.6,52.3,50.4,51.9,4349,0.9,0.01734104,1
2018/7/10,51.9,51.9,51.2,51.2,1952,1.6,0.03125,2
2018/7/11,50.7,51.9,50.7,51.1,3027,1.4,0.02739726,1
2018/7/12,51,51.7,51,51.4,2090,3.6,0.070038911,2
2018/7/13,51.5,52.8,51.4,52.8,3359,0.9,0.017045455,1
2018/7/16,53.5,53.5,52.2,52.8,2908,0.9,0.017045455,1
2018/7/17,53.4,53.4,52.3,52.5,3311,0.9,0.017142857,1
2018/7/18,53,55.9,52.6,55,12140,-1.7,-0.030909091,0
2018/7/19,54.8,54.9,53.6,53.7,4765,-0.3,-0.005586592,1
2018/7/20,54.2,54.4,53.5,53.7,2496,-0.5,-0.009310987,1
2018/7/23,53.8,54.5,53.3,53.4,2417,1.4,0.026217228,1
2018/7/24,53.6,54,53.2,53.3,2632,0.6,0.011257036,1
2018/7/25,53.3,53.8,53.2,53.4,1574,0.5,0.009363296,1
2018/7/26,53.5,53.8,53.2,53.2,1452,1.4,0.026315789,1
2018/7/27,53.2,55.1,53.2,54.8,4902,-0.8,-0.01459854,1
2018/7/30,54.4,54.7,53.7,53.9,2831,0.9,0.016697588,1
2018/7/31,53.9,55.2,53.9,53.9,3972,1.5,0.027829314,1
2018/8/1,54.4,55,54,54.6,2559,-2.2,-0.04029304,0
2018/8/2,54.4,55,53.9,54,3095,-1.4,-0.025925926,1
2018/8/3,54.6,54.8,54.3,54.8,2349,-3.2,-0.058394161,0
2018/8/6,55.1,55.7,54.9,55.4,3117,-8.35,-0.150722022,0
2018/8/7,54,54.4,51.2,52.4,10927,-5.35,-0.102099237,0
2018/8/8,52,52.8,51.6,52.6,3983,-6.45,-0.122623574,0
2018/8/9,52.1,52.2,51.6,51.6,2915,-8.75,-0.169573643,0
2018/8/10,51,51.3,46.7,47.05,18735,-3.5,-0.074388948,0
2018/8/13,47,47.9,45.2,47.05,9879,-3.85,-0.081827843,0
2018/8/14,47.25,47.35,45.25,46.15,6319,-4.05,-0.087757313,0
2018/8/15,46,46,42.85,42.85,13158,-0.8,-0.018669778,1
2018/8/16,42.4,43.75,41.2,43.55,8174,0.8,0.01836969,1
2018/8/17,43.7,44.6,43.15,43.2,5076,0.95,0.021990741,1
2018/8/20,43.2,43.55,41.9,42.1,4299,1.45,0.034441805,2
2018/8/21,42.1,42.75,41.85,42.05,4425,2.05,0.048751486,2
2018/8/22,42.6,45.75,42.55,44.35,15350,0.05,0.001127396,1
2018/8/23,44.05,44.2,43.35,44.15,4041,0.5,0.011325028,1
2018/8/24,43.95,43.95,43.35,43.55,2416,0.55,0.012629162,1
2018/8/27,43.95,44.4,43.75,44.1,2422,0.5,0.011337868,1
2018/8/28,44.35,44.45,44.1,44.4,2440,-0.95,-0.021396396,1
2018/8/29,44.5,45.4,44.25,44.65,3774,-0.3,-0.006718925,1
2018/8/30,45,45.05,44.05,44.1,2856,-0.65,-0.014739229,1
2018/8/31,43.55,44.85,43.55,44.6,5795,-1.9,-0.042600897,0
2018/9/3,44.7,45,43.45,43.45,3386,-3.55,-0.081703107,0
2018/9/4,43.85,44.35,43.45,44.35,2422,-7.15,-0.161217587,0
2018/9/5,44.05,44.1,43.45,43.45,2614,-4.65,-0.107019563,0
2018/9/6,43.2,43.7,42.6,42.7,2631,-3.4,-0.079625293,0
2018/9/7,42,42,39.45,39.9,12726,-0.6,-0.015037594,1
2018/9/10,39.5,40.15,37.05,37.2,11903,2.9,0.077956989,2
2018/9/11,37.8,39.75,37.6,38.8,8556,0.5,0.012886598,1
2018/9/12,38.5,39.3,38.15,39.3,4662,-0.8,-0.020356234,1
2018/9/13,39.2,39.65,39.1,39.3,3325,0.75,0.019083969,1
2018/9/14,39.75,40.65,39.55,40.1,5216,-0.7,-0.017456359,1
2018/9/17,40,40,38.95,39.3,4054,0.6,0.015267176,1
2018/9/18,39.2,39.75,38.5,38.5,4204,1.85,0.048051948,2
2018/9/19,38.9,40.45,38.9,40.05,6680,3,0.074906367,2
2018/9/20,40.3,40.5,39.4,39.4,3218,2.8,0.07106599,2
2018/9/21,40,40.85,39.85,39.9,5926,0.7,0.01754386,1
2018/9/25,40.05,40.7,40,40.35,3977,-0.45,-0.011152416,1
2018/9/26,41,43.95,40.9,43.05,15214,-3.55,-0.082462253,0
2018/9/27,42.7,42.75,41.75,42.2,6571,-3.3,-0.078199052,0
2018/9/28,42.45,42.45,40.6,40.6,6007,-1.55,-0.03817734,0
2018/10/1,40.65,40.8,39.8,39.9,5397,-1.5,-0.037593985,0
2018/10/2,40.4,40.4,39.1,39.5,5283,-4,-0.101265823,0
2018/10/3,39.65,40.15,38.9,38.9,5340,-5.15,-0.132390746,0
2018/10/4,38.9,39.4,38.5,39.05,7482,-8.65,-0.221510883,0
2018/10/5,38.6,38.7,36.4,38.4,9296,-7.3,-0.190104167,0
2018/10/8,37.2,37.5,34.7,35.5,18660,-3.4,-0.095774648,0
2018/10/9,35.6,35.65,33.75,33.75,13669,-1.9,-0.056296296,0
2018/10/11,30.6,31.7,30.4,30.4,14507,0.7,0.023026316,1
2018/10/12,30.8,31.2,30.4,31.1,8864,0.55,0.017684887,1
2018/10/15,30.4,33.1,30.05,32.1,9086,0.1,0.003115265,1
2018/10/16,31.35,32.25,31.35,31.85,5321,1.95,0.06122449,2
2018/10/17,32.5,32.85,31.1,31.1,6836,1.9,0.061093248,2
2018/10/18,31.2,32.15,31.2,31.65,5836,1.75,0.055292259,2
2018/10/19,31.35,32.5,30.8,32.2,7598,-0.5,-0.01552795,1
2018/10/22,32.2,33.8,31.75,33.8,7042,-2.65,-0.078402367,0
2018/10/23,33.75,33.75,32.8,33,5770,-1.3,-0.039393939,0
2018/10/24,33.85,35.4,33.4,33.4,16006,-0.7,-0.020958084,1
2018/10/25,32,32.4,31.65,31.7,9445,1.9,0.059936909,2
2018/10/26,32.1,32.4,31.1,31.15,6143,3.75,0.120385233,2
2018/10/29,31.2,31.95,31.15,31.7,5716,4,0.126182965,2
2018/10/30,31.95,33.8,31.85,32.7,7072,2.15,0.065749235,2
2018/10/31,33.45,33.9,32.75,33.6,8304,0.2,0.005952381,1
2018/11/1,34.1,35.2,34.1,34.9,10223,2.25,0.064469914,2
2018/11/2,35.4,35.85,34.65,35.7,10293,3.4,0.095238095,2
2018/11/5,35.5,36.05,34.6,34.85,5790,3.65,0.104734577,2
2018/11/6,34.8,35.55,33.6,33.8,7557,8.55,0.25295858,2
2018/11/7,34.5,37.15,34.45,37.15,11473,7.4,0.199192463,2
2018/11/8,38.2,40.45,37.4,39.1,23765,3.9,0.099744246,2
2018/11/9,39.1,40.2,38.1,38.5,13187,4.4,0.114285714,2
2018/11/12,39.4,42.35,39.4,42.35,21393,0.65,0.015348288,1
2018/11/13,41,46.55,40.5,44.55,70678,-2.7,-0.060606061,0
2018/11/14,43.8,45.5,43,43,28763,-0.2,-0.004651163,1
2018/11/15,43.2,44.05,42.35,42.9,22167,0.1,0.002331002,1
2018/11/16,43.85,45.4,42,43,30206,-0.4,-0.009302326,1
2018/11/19,42.95,44.05,41.65,41.85,16466,0.05,0.001194743,1
2018/11/20,42,43.3,41.85,42.8,20116,-1.4,-0.03271028,0
2018/11/21,42.55,43.45,42.5,43,17611,0.15,0.003488372,1
2018/11/22,43.6,45.3,42.4,42.6,27266,2.7,0.063380282,2
2018/11/23,42.85,43.3,41.65,41.9,12809,5.1,0.121718377,2
2018/11/26,42.9,42.95,41.2,41.4,14244,4.15,0.100241546,2
2018/11/27,41.9,43.15,41.7,43.15,11509,4.1,0.095017381,2
2018/11/28,43.8,45.3,43.4,45.3,18586,1.05,0.023178808,1
2018/11/29,46,49.6,45.85,47,36649,-0.55,-0.011702128,1
2018/11/30,47.9,49.3,45.35,45.55,90142,-3,-0.06586169,0
2018/12/3,46.55,47.4,45.65,47.25,25920,-4.45,-0.094179894,0
2018/12/4,47.25,47.8,46.25,46.35,12566,-6.85,-0.147788565,0
2018/12/5,45.35,47.1,45.35,46.45,12608,-7.3,-0.157158235,0
2018/12/6,46.75,46.75,42.15,42.55,21148,-3.1,-0.072855464,0
2018/12/7,43.75,43.95,42.75,42.8,9888,-3.9,-0.091121495,0
2018/12/10,41.6,41.9,39,39.5,19330,-0.85,-0.021518987,1
2018/12/11,40,40.35,38.9,39.15,13605,-1.4,-0.035759898,0
2018/12/12,39.8,40.1,39.35,39.45,12578,-0.65,-0.016476553,1
2018/12/13,39.75,39.8,38.25,38.9,12989,-0.75,-0.019280206,1
2018/12/14,39.6,39.6,38.2,38.65,11845,-2.75,-0.071151358,0
2018/12/17,38.95,39.3,37.15,37.75,10235,-1.45,-0.038410596,0
2018/12/18,38.45,39.35,38.15,38.8,17136,-2.8,-0.072164948,0
2018/12/19,38.95,39.1,38.05,38.15,10831,-1.55,-0.040629096,0
2018/12/20,37.8,37.8,35.6,35.9,18017,0.15,0.004178273,1
2018/12/21,35.45,36.75,35.2,36.3,10593,-0.1,-0.002754821,1
2018/12/22,35.95,36.4,35.6,36,2794,0.5,0.013888889,1
2018/12/24,36.15,36.7,35.7,36.6,4270,-1.25,-0.034153005,0
2018/12/25,35.65,36.4,35.5,36.05,5063,0.05,0.001386963,1
2018/12/26,36.25,38.35,36.2,36.2,11554,-0.1,-0.002762431,1
2018/12/27,37,37.15,36.45,36.5,9191,0,0,1
2018/12/28,36.65,36.75,34.75,35.35,18481,1.35,0.038189533,2
2019/1/2,35.8,36.2,35.25,36.1,6930,0.9,0.024930748,1
2019/1/3,36.15,37.05,35.6,36.1,9068,-0.75,-0.020775623,1
2019/1/4,35.6,36.5,35,36.5,7690,-1.9,-0.052054795,0
2019/1/7,37.3,37.8,36.7,36.7,9074,-3.1,-0.084468665,0
2019/1/8,37,37.5,36.85,37,6969,-3.4,-0.091891892,0
2019/1/9,37.3,37.6,35.35,35.35,23370,-1.55,-0.043847242,0
2019/1/10,35.3,35.55,34.3,34.6,18263,-0.55,-0.015895954,1
2019/1/11,34.65,35,33.45,33.6,21718,-0.75,-0.022321429,1
2019/1/14,34,34.8,33.6,33.6,22105,-0.65,-0.019345238,1
2019/1/15,33.7,34.1,33.6,33.8,10576,0.3,0.00887574,1
2019/1/16,34.05,34.3,33.85,34.05,9035,-0.05,-0.001468429,1
2019/1/17,34.2,34.4,32.35,32.85,26113,1.65,0.050228311,2
2019/1/18,32.9,33.15,32.7,32.95,9508,1.5,0.04552352,2
2019/1/21,33.15,35.2,33.1,34.1,22415,0.7,0.020527859,1
2019/1/22,34.3,34.7,33.8,34,14246,3.95,0.116176471,2
2019/1/23,34.1,34.8,34.1,34.5,14113,2.5,0.072463768,2
2019/1/24,34.75,34.9,34.35,34.45,8221,2.1,0.06095791,2
2019/1/25,34.75,35.1,34.5,34.8,15920,2,0.057471264,2
2019/1/28,35.65,37.95,35.5,37.95,37609,-0.85,-0.022397892,1
2019/1/29,37.95,37.95,36.6,37,23519,-0.8,-0.021621622,1
2019/1/30,37.2,37.3,36.5,36.55,11840,-0.05,-0.001367989,1
2019/2/11,37.3,37.3,36.4,36.8,8966,-1.45,-0.039402174,0
2019/2/12,36.85,37.7,36.85,37.1,9665,-1.2,-0.032345013,0
2019/2/13,37.25,37.35,36.05,36.2,14497,0.35,0.009668508,1
2019/2/14,36.2,37.35,36.15,36.5,11603,0.5,0.01369863,1
2019/2/15,35.7,36,35.15,35.35,13337,1.2,0.033946252,2
2019/2/18,35.65,36.5,35.55,35.9,9063,1.2,0.033426184,2
2019/2/19,36.05,36.85,36.05,36.55,8821,1.45,0.039671683,2
2019/2/20,36.95,37.8,36.55,37,13629,0.45,0.012162162,1
2019/2/21,37.35,37.35,36.45,36.55,9164,0.25,0.006839945,1
2019/2/22,36.75,37.5,36.6,37.1,11980,0.8,0.021563342,1
2019/2/25,37.6,39.25,37.5,38,30491,-0.5,-0.013157895,1
2019/2/26,38.05,38.4,37.35,37.45,14755,-0.2,-0.005340454,1
2019/2/27,37.45,37.65,36.65,36.8,9735,-1.2,-0.032608696,0
2019/3/4,36.95,37.95,36.8,37.9,11374,-1.9,-0.050131926,0
2019/3/5,38,38.45,37.35,37.5,10948,-1.25,-0.033333333,0
2019/3/6,37.5,37.65,37.2,37.25,4960,-1.25,-0.033557047,0
2019/3/7,36.7,36.85,35.35,35.6,20417,0.6,0.016853933,1
2019/3/8,35.5,36,34.9,36,9022,0.8,0.022222222,1
2019/3/11,35.95,37,35.8,36.25,11229,1.2,0.033103448,2
2019/3/12,36.35,36.65,36,36,6671,5.15,0.143055556,2
2019/3/13,36.75,36.75,36.05,36.2,4675,3.35,0.092541436,2
2019/3/14,36.6,37.2,36.5,36.8,13656,3.55,0.096467391,2
2019/3/15,37.4,38.25,37,37.45,22161,2.65,0.070761015,2
2019/3/18,38.2,41.15,37.9,41.15,48134,-0.55,-0.013365735,1
2019/3/19,41.75,42.55,39.55,39.55,53653,-0.7,-0.017699115,1
2019/3/20,40.25,40.95,39.75,40.35,24005,-1.15,-0.02850062,1
2019/3/21,40.5,40.8,40.05,40.1,15608,-0.25,-0.006234414,1
2019/3/22,40.5,42.45,40.4,40.6,33105,-1.05,-0.025862069,1
2019/3/25,39.7,39.85,38.8,38.85,15833,1.1,0.028314028,1
2019/3/26,39.4,39.7,39.15,39.2,10464,0.95,0.024234694,1
2019/3/27,39.75,40.7,39.6,39.85,17133,0.95,0.023839398,1
2019/3/28,39.85,40.3,39.2,39.55,10525,0.9,0.022756005,1
2019/3/29,40.15,40.4,39.75,39.95,16254,0.95,0.023779725,1
2019/4/1,40.4,40.5,40,40.15,10901,1.85,0.04607721,2
2019/4/2,40.6,41.95,40.45,40.8,24702,3.45,0.084558824,2
2019/4/3,41,41.05,40.3,40.45,12789,2.55,0.063040791,2
2019/4/8,42,42.15,40.9,40.9,23825,2.85,0.069682152,2
2019/4/9,40.9,42.2,40.85,42,24469,1.9,0.045238095,2
2019/4/10,42.35,45.7,42.2,44.25,70506,0.25,0.005649718,1
2019/4/11,44.1,44.35,42.8,43,25897,1.3,0.030232558,2
2019/4/12,43.3,44.3,43.3,43.75,22795,-1.6,-0.036571429,0
2019/4/15,44.5,44.5,43.2,43.9,18181,-1.2,-0.027334852,1
2019/4/16,44.1,44.5,43.75,44.5,12269,-1.35,-0.030337079,0
2019/4/17,45.35,45.9,44.3,44.3,18546,-1.7,-0.038374718,0
2019/4/18,44.7,44.85,42.15,42.15,18827,0.3,0.007117438,1
2019/4/19,42.85,43.5,42.1,42.7,13225,-0.7,-0.016393443,1
2019/4/22,43.3,43.85,42.9,43.15,10298,-1.95,-0.045191194,0
2019/4/23,43.2,43.3,42.35,42.6,7353,-1.4,-0.03286385,0
2019/4/24,43,43.2,42.35,42.45,8042,-0.65,-0.015312132,1
2019/4/25,42.2,42.3,41.7,42,7574,1.05,0.025,1
2019/4/26,41.6,41.85,41.2,41.2,7300,1.7,0.041262136,2
2019/4/29,41.2,41.8,40.5,41.2,8159,0.3,0.007281553,1
2019/4/30,41.2,41.8,40.75,41.8,5903,-2.6,-0.062200957,0
2019/5/2,42.1,43.25,42,43.05,14834,-5.55,-0.128919861,0
2019/5/3,42.75,43.15,42.6,42.9,7125,-5.7,-0.132867133,0
2019/5/6,42.6,42.6,41.5,41.5,10095,-5.05,-0.121686747,0
2019/5/7,39.45,40.1,38.8,39.2,29775,-3.8,-0.096938776,0
2019/5/8,38.3,38.95,36.7,37.5,20038,-1.85,-0.049333333,0
2019/5/9,38,38.5,36.8,37.2,12869,-0.5,-0.01344086,1
2019/5/10,37.4,37.85,35.8,36.45,17252,-0.95,-0.0260631,1
2019/5/13,36.45,36.65,35.3,35.4,9673,-0.85,-0.024011299,1
2019/5/14,34.2,35.95,34.2,35.65,11635,-1.1,-0.03085554,0
2019/5/15,36.9,37,36,36.7,11930,-0.05,-0.001362398,1
2019/5/16,36.75,36.85,35.5,35.5,7860,0.6,0.016901408,1
2019/5/17,36,36.2,34.35,34.55,10735,1.1,0.031837916,2
2019/5/20,35,35.1,34.1,34.55,5464,1.6,0.046309696,2
2019/5/21,34.7,36.65,34.5,36.65,11935,-0.85,-0.02319236,1
2019/5/22,36.85,36.85,35.9,36.1,7463,-0.05,-0.001385042,1
2019/5/23,35.8,35.9,35.25,35.65,4979,0.05,0.001402525,1
2019/5/24,35.75,36.45,35.75,36.15,5831,0.1,0.002766252,1
2019/5/27,36.8,36.8,35.8,35.8,5101,0.3,0.008379888,1
2019/5/28,36.1,36.6,35.95,36.05,4375,-0.95,-0.026352288,1
2019/5/29,35.75,36.05,35.6,35.7,4564,-0.55,-0.015406162,1
2019/5/30,36,36.5,35.85,36.25,4278,-1.4,-0.03862069,0
2019/5/31,36.3,36.65,36,36.1,5821,-1.15,-0.031855956,0
2019/6/3,35.7,35.7,34.95,35.1,7913,0.4,0.011396011,1
2019/6/4,35.15,35.55,34.85,35.15,4682,0.85,0.024182077,1
2019/6/5,35.6,36.05,34.85,34.85,7204,1.4,0.040172166,2
2019/6/6,35.15,35.25,34.8,34.95,4693,1.85,0.052932761,2
2019/6/10,35.6,35.7,35.35,35.5,4903,1.4,0.03943662,2
2019/6/11,35.7,36.65,35.5,36,9907,0.5,0.013888889,1
2019/6/12,36.05,36.4,35.8,36.25,4890,-0.15,-0.004137931,1
2019/6/13,36.45,37.55,36.35,36.8,14323,0.25,0.006793478,1
2019/6/14,37.15,37.25,36.75,36.9,5683,0.2,0.005420054,1
2019/6/17,36.85,37.25,36.5,36.5,4564,0.7,0.019178082,1
2019/6/18,36.65,36.8,36.05,36.1,3724,1.3,0.03601108,2
2019/6/19,36.6,37.1,36.5,37.05,8086,-0.3,-0.008097166,1
2019/6/20,37.5,37.6,36.95,37.1,6309,-0.3,-0.008086253,1
2019/6/21,37.35,37.65,36.9,37.2,8403,-0.5,-0.01344086,1
2019/6/24,37.4,37.5,37,37.4,4337,-0.85,-0.022727273,1
2019/6/25,37.65,38.05,36.7,36.75,9446,0.1,0.002721088,1
2019/6/26,36.6,36.85,36.35,36.8,2882,0.55,0.014945652,1
2019/6/27,37,37.1,36.7,36.7,3482,0.3,0.008174387,1
2019/6/28,36.95,36.95,36.55,36.55,2511,0.55,0.01504788,1
2019/7/1,36.8,37.3,36.8,36.85,4869,0.65,0.017639077,1
2019/7/2,37.1,37.6,37,37.35,5070,1.65,0.044176707,2
2019/7/3,37.55,37.55,36.9,37,4014,1.65,0.044594595,2
2019/7/4,37.3,37.35,37.05,37.1,2640,1.55,0.041778976,2
2019/7/5,37.35,37.5,37.1,37.5,3234,1.7,0.045333333,2
2019/7/8,39.2,40.2,38.8,39,23683,-0.1,-0.002564103,1
2019/7/9,39,39.2,38.35,38.65,9514,0.3,0.007761966,1
2019/7/10,38.7,39.05,38.55,38.65,5322,0.75,0.019404916,1
2019/7/11,39,39.4,38.9,39.2,9101,1.35,0.034438776,2
2019/7/12,39.65,39.65,38.85,38.9,5346,0.65,0.016709512,1
2019/7/15,39,39.1,38.45,38.95,6032,0.2,0.005134788,1
2019/7/16,39,39.95,38.95,39.4,8658,-0.15,-0.003807107,1
2019/7/17,39.3,40.55,39.2,40.55,16291,-1.05,-0.025893958,1
2019/7/18,40.35,41,39.5,39.55,15344,-0.2,-0.00505689,1
2019/7/19,39.65,39.9,39.15,39.15,7615,1.1,0.028097063,1
2019/7/22,39.15,39.55,39.05,39.25,4362,1,0.025477707,1
2019/7/23,39.3,39.75,39.3,39.5,4663,0.6,0.015189873,1
2019/7/24,39.9,39.95,39.35,39.35,4341,-0.6,-0.015247776,1
2019/7/25,39.4,40.4,39.4,40.25,9978,-1.4,-0.034782609,0
2019/7/26,40.2,40.4,39.9,40.25,5234,-2.3,-0.057142857,0
2019/7/29,40.5,40.95,40.1,40.1,6613,-3.3,-0.082294264,0
2019/7/30,40.3,40.45,38.7,38.75,9918,-2.35,-0.060645161,0
2019/7/31,38.9,39.25,38.7,38.85,4227,-3,-0.077220077,0
2019/8/1,38.4,38.55,37.9,37.95,6928,-4.95,-0.130434783,0
2019/8/2,37.55,37.55,36.5,36.8,8681,-3.95,-0.107336957,0
2019/8/5,36.75,37,36.35,36.4,4902,-3.15,-0.086538462,0
2019/8/6,35.4,36.05,35.1,35.85,6260,-3.2,-0.089260809,0
2019/8/7,32.5,33.75,32.4,33,21694,0.25,0.007575758,1
2019/8/8,32.6,33.25,32.6,32.85,9467,0.85,0.02587519,1
2019/8/12,32.9,33.3,32.55,33.25,6721,0.95,0.028571429,1
2019/8/13,32.8,33.1,32.35,32.65,7550,1.3,0.039816233,2
2019/8/14,33.1,33.8,33.1,33.25,6907,0.5,0.015037594,1
2019/8/15,32.9,34.45,32.6,33.7,6298,0.25,0.007418398,1
2019/8/16,33.95,34.35,33.8,34.2,6441,-0.15,-0.004385965,1
2019/8/19,34.05,34.2,33.75,33.95,3697,0.15,0.004418262,1
2019/8/20,34,34.3,33.75,33.75,2910,0.1,0.002962963,1
2019/8/21,33.95,34.2,33.8,33.95,2904,0.45,0.013254786,1
2019/8/22,34.4,34.45,33.95,34.05,2404,0.7,0.020558003,1
2019/8/23,34.2,34.4,33.9,34.1,2513,0.5,0.014662757,1
2019/8/26,33.4,33.95,33.4,33.85,2998,0.9,0.026587888,1
2019/8/27,34.2,35,34.2,34.4,5302,0.5,0.014534884,1
2019/8/28,34.65,34.95,34.55,34.75,3194,0,0,1
2019/8/29,35,35.1,34.6,34.6,2281,0.65,0.018786127,1
2019/8/30,34.9,35.35,34.7,34.75,4510,0.75,0.021582734,1
2019/9/2,34.6,34.9,34.3,34.9,3166,1.3,0.037249284,2
2019/9/3,35.35,35.35,34.7,34.75,2395,2,0.057553957,2
2019/9/4,34.65,35.35,34.65,35.25,3653,0.6,0.017021277,1
2019/9/5,35.55,35.95,35.4,35.5,4309,1.75,0.049295775,2
2019/9/6,35.85,36.45,35.5,36.2,5740,0.85,0.023480663,1
2019/9/9,36.55,37.25,36.4,36.75,6590,0.35,0.00952381,1
2019/9/10,36.6,36.9,35.8,35.85,4924,0.8,0.022315202,1
2019/9/11,36.05,37.5,36,37.25,8466,1.3,0.034899329,2
2019/9/12,37.6,37.9,36.8,37.05,5743,0.45,0.012145749,1
2019/9/16,37.2,37.2,36.55,37.1,3410,0.6,0.016172507,1
2019/9/17,37.2,37.65,36.65,36.65,4649,1,0.02728513,1
2019/9/18,37.15,39.9,37.05,38.55,25855,-0.95,-0.02464332,1
2019/9/19,38.6,38.85,37.5,37.5,11774,-0.85,-0.022666667,1
2019/9/20,37.6,38.15,37.3,37.7,6580,-1,-0.026525199,1
2019/9/23,38,38.25,37.65,37.65,3495,-2.15,-0.057104914,0
2019/9/24,37.9,38.15,37.55,37.6,3126,-1.45,-0.03856383,0
2019/9/25,37.35,37.45,36.6,36.65,5459,-0.6,-0.016371078,1
2019/9/26,37,37.25,36.65,36.7,3659,-0.25,-0.006811989,1
2019/9/27,36.95,37,35.5,35.5,7919,1.35,0.038028169,2
2019/10/1,36,36.5,35.85,36.15,4270,1.35,0.037344398,2
2019/10/2,36.05,36.25,35.8,36.05,2206,2.2,0.061026352,2
2019/10/3,35.85,36.45,35.5,36.45,2991,1.25,0.034293553,2
2019/10/4,37.25,37.8,36.7,36.85,9559,1.4,0.037991859,2
2019/10/7,37.7,38.3,37.35,37.5,7608,0.45,0.012,1
2019/10/8,37.85,38.4,37.4,38.25,9740,-0.75,-0.019607843,1
2019/10/9,38.3,38.6,37.7,37.7,8516,0.4,0.01061008,1
2019/10/14,38.2,38.55,37.85,38.25,7082,-0.35,-0.009150327,1
2019/10/15,38.35,38.8,37.9,37.95,6319,0.15,0.003952569,1
2019/10/16,38.2,38.35,37.5,37.5,4438,0.5,0.013333333,1
2019/10/17,37.5,38.2,37.35,38.1,3958,0.4,0.010498688,1
2019/10/18,38.15,38.65,37.8,37.9,5561,1.35,0.035620053,2
2019/10/21,37.95,38.25,37.7,38.1,3047,0.65,0.017060367,1
2019/10/22,38.55,38.6,37.95,38,4069,-0.1,-0.002631579,1
2019/10/23,38.05,39.2,38.05,38.5,10309,-1,-0.025974026,1
2019/10/24,39,39.45,38.65,39.25,8785,-1.75,-0.044585987,0
2019/10/25,39.5,39.5,38.5,38.75,7549,-1.95,-0.050322581,0
2019/10/28,39.05,39.05,37.9,37.9,7101,-0.6,-0.015831135,1
2019/10/29,38.15,38.35,37.4,37.5,5498,-0.2,-0.005333333,1
2019/10/30,37.6,38.2,37.5,37.5,4630,0,0,1
2019/10/31,37.6,37.9,36.7,36.8,6323,0.1,0.002717391,1
2019/11/1,36.8,37.35,36.7,37.3,3110,-1.2,-0.032171582,0
2019/11/4,37.45,37.65,37.15,37.3,3674,-1.55,-0.04155496,0
2019/11/5,37.4,37.9,37.4,37.5,4177,-2.85,-0.076,0
2019/11/6,37.5,37.6,36.85,36.9,3805,-1.85,-0.050135501,0
2019/11/7,35.9,36.25,35.5,36.1,9844,-1.15,-0.031855956,0
2019/11/8,36,36.1,35.65,35.75,3580,-1.4,-0.039160839,0
2019/11/11,35.1,35.4,34.6,34.65,6702,0.2,0.005772006,1
2019/11/12,34.8,35.2,34.7,35.05,3904,0.45,0.012838802,1
2019/11/13,35.05,35.2,34.75,34.95,2953,0.15,0.004291845,1
2019/11/14,35.25,35.25,34.05,34.35,6321,0.4,0.011644833,1
2019/11/15,34.55,35.1,34.55,34.85,3141,-0.1,-0.00286944,1
2019/11/18,35,35.5,34.95,35.5,3239,-0.65,-0.018309859,1
2019/11/19,35.5,35.5,35,35.1,2797,-0.1,-0.002849003,1
2019/11/20,35.15,35.2,34.65,34.75,3249,0.45,0.01294964,1
2019/11/21,34.7,34.75,34.4,34.75,2631,1.15,0.033093525,2
2019/11/22,34.85,35.15,34.75,34.85,2441,0.5,0.014347202,1
2019/11/25,35,35.4,34.95,35,2513,0.05,0.001428571,1
2019/11/26,35.3,35.45,35.1,35.2,2528,0.2,0.005681818,1
2019/11/27,35.65,36.3,35.65,35.9,7941,-0.45,-0.012534819,1
2019/11/28,35.85,35.9,35.3,35.35,3431,-0.2,-0.005657709,1
2019/11/29,35.35,35.55,35,35.05,3408,0.8,0.022824536,1
2019/12/2,35.3,35.45,34.95,35.4,3987,0.1,0.002824859,1
2019/12/3,35.1,35.45,35.1,35.45,2065,-0.35,-0.009873061,1
2019/12/4,35.45,35.45,35.05,35.15,2108,0.3,0.008534851,1
2019/12/5,35.2,35.95,35.2,35.85,4755,-0.15,-0.0041841,1
2019/12/6,35.95,36,35.5,35.5,3264,0.9,0.025352113,1
2019/12/9,35,35.25,34.95,35.1,4001,0.45,0.012820513,1
2019/12/10,35.1,35.85,35.1,35.45,3310,3.65,0.102961918,2
2019/12/11,35.5,35.85,35.5,35.7,3248,2.3,0.06442577,2
2019/12/12,36.1,37.5,36.1,36.4,18582,1.7,0.046703297,2
2019/12/13,36.25,36.4,35.5,35.55,6916,2.95,0.082981716,2
2019/12/16,36,39.1,36,39.1,39344,-0.1,-0.002557545,1
2019/12/17,39.1,39.1,38,38,31730,1.2,0.031578947,2
2019/12/18,37.75,39.55,37.6,38.1,27910,0.65,0.017060367,1
2019/12/19,38.1,38.7,37.85,38.5,11432,0.4,0.01038961,1
2019/12/20,38.5,39.4,38.3,39,19743,-0.6,-0.015384615,1
2019/12/23,39.25,40.7,39.15,39.2,32140,-0.7,-0.017857143,1
2019/12/24,39.2,39.35,38.75,38.75,10176,-0.4,-0.010322581,1
2019/12/25,38.9,39.6,38.85,38.9,7558,-0.45,-0.011568123,1
2019/12/26,38.95,39.3,38.2,38.4,8111,-0.05,-0.001302083,1
2019/12/27,38.75,39.4,38.5,38.5,10612,-0.35,-0.009090909,1
2019/12/30,38.7,38.8,38.3,38.35,5117,-0.15,-0.003911343,1
2019/12/31,38.35,38.8,38.35,38.45,4257,-1.45,-0.037711313,0
2020/1/2,38.75,38.85,38.35,38.35,4756,-2.2,-0.057366362,0
2020/1/3,38.55,38.7,37.8,38.15,7331,-1.2,-0.031454784,0
2020/1/6,38.2,38.55,38.1,38.2,4543,-1.55,-0.040575916,0
2020/1/7,38.4,38.5,36.95,37,9037,0.5,0.013513514,1
2020/1/8,36.5,36.8,36.15,36.15,5734,1.65,0.045643154,2
2020/1/9,36.5,37.05,36.5,36.95,4140,0.4,0.01082544,1
2020/1/10,36.85,36.9,36.25,36.65,3276,1.05,0.028649386,1
2020/1/13,36.65,37.55,36.35,37.5,4373,0.3,0.008,1
2020/1/14,37.5,37.8,37.25,37.8,3202,-0.25,-0.006613757,1
2020/1/15,37.85,38.15,37.3,37.35,4803,-3.15,-0.084337349,0
2020/1/16,37.4,37.7,37.35,37.7,2166,-3.45,-0.091511936,0
2020/1/17,37.95,38.2,37.65,37.8,3955,-4.8,-0.126984127,0
2020/1/20,37.95,38.1,37.5,37.55,2433,-4.05,-0.107856192,0
2020/1/30,34.6,35.5,34.05,34.2,10089,-0.6,-0.01754386,1
2020/1/31,35,35.1,34.05,34.25,5250,-0.05,-0.001459854,1
2020/2/3,33,33.1,31.2,33,8259,0.35,0.010606061,1
2020/2/4,33.2,33.5,33.05,33.5,4583,-0.45,-0.013432836,1
2020/2/5,34,34.3,33.3,33.6,4498,0.4,0.011904762,1
2020/2/6,34.05,34.3,33.75,34.2,3278,-0.05,-0.001461988,1
2020/2/7,33.9,33.9,33.35,33.35,4538,0.8,0.023988006,1
2020/2/10,32.95,33.45,32.4,33.05,3438,1.35,0.040847201,2
2020/2/11,33.6,34,33.45,34,3032,0.6,0.017647059,1
2020/2/12,34.5,34.5,34.05,34.15,3437,0.6,0.017569546,1
2020/2/13,34.45,34.75,33.9,34.15,4661,0.55,0.016105417,1
2020/2/14,34.25,34.65,34.2,34.4,3614,0.9,0.026162791,1
2020/2/17,34.3,34.8,34.2,34.6,3175,0.85,0.024566474,1
2020/2/18,34.7,35.2,34.6,34.75,4559,0.15,0.004316547,1
2020/2/19,34.85,35,34.55,34.7,2704,0.2,0.005763689,1
2020/2/20,35,35.35,34.8,35.3,3878,1.2,0.033994334,2
2020/2/21,35.8,36.45,35.45,35.45,9482,-0.45,-0.012693935,1
2020/2/24,35,35.2,34.75,34.9,3934,1.5,0.042979943,2
2020/2/25,34.5,34.95,34.3,34.9,3816,2.55,0.073065903,2
2020/2/26,34.75,36.85,34.7,36.5,12695,1.15,0.031506849,2
2020/2/27,37,37.05,35,35,12959,1.9,0.054285714,2
2020/3/2,34.05,36.55,34,36.4,10076,1.15,0.031593407,2
2020/3/3,37,38.4,36.5,37.45,19542,-1.85,-0.049399199,0
2020/3/4,37.25,37.95,36.8,37.65,8499,-1.85,-0.049136786,0
2020/3/5,38,38.2,36.85,36.9,9920,-2.05,-0.055555556,0
2020/3/6,36.95,37.7,36.75,37.55,7822,-5.45,-0.145139814,0
2020/3/9,37.3,37.3,35.6,35.6,9530,-5.85,-0.164325843,0
2020/3/10,35,35.9,34.6,35.8,6897,-8.8,-0.245810056,0
2020/3/11,35.95,36.05,34.3,34.85,6002,-7.9,-0.226685796,0
2020/3/12,34.7,34.7,31.9,32.1,12699,-5.15,-0.160436137,0
2020/3/13,29,30.2,28.9,29.75,16204,-1.35,-0.045378151,0
2020/3/16,29.75,30.25,27,27,12927,2.45,0.090740741,2
2020/3/17,25.5,27.45,25.4,26.95,10813,0.75,0.027829314,1
2020/3/18,27.55,28.95,26.95,26.95,10899,1.45,0.05380334,2
2020/3/19,27.7,28.65,25.6,28.4,29821,0.5,0.017605634,1
2020/3/20,29.8,30.5,29.4,29.45,20511,-0.6,-0.020373514,1
2020/3/23,28.25,28.3,26.7,27.7,7494,0.25,0.009025271,1
2020/3/24,28.2,28.85,28.2,28.4,7410,-0.1,-0.003521127,1
2020/3/25,29.2,29.6,28.4,28.9,8826,-0.5,-0.017301038,1
2020/3/26,29.15,29.15,28.15,28.85,5249,0.05,0.001733102,1
2020/3/27,29.45,29.55,27.95,27.95,8097,1.4,0.050089445,2
2020/3/30,27.2,28.3,27.2,28.3,5116,0.95,0.033568905,2
2020/3/31,29.1,29.3,28.4,28.4,7386,1.95,0.068661972,2
2020/4/1,28.3,28.9,28.1,28.9,3987,0.8,0.027681661,1
2020/4/6,29.7,29.75,28.85,29.35,6483,1.05,0.035775128,2
2020/4/7,29.3,29.5,28.9,29.25,8925,1.35,0.046153846,2
2020/4/8,29.2,30.8,29.05,30.35,12055,0.25,0.008237232,1
2020/4/9,30.5,30.9,29.7,29.7,8746,1.5,0.050505051,2
2020/4/10,29.8,30.4,29.55,30.4,6336,0.8,0.026315789,1
2020/4/13,30.85,30.9,30.2,30.6,7552,-0.55,-0.017973856,1
2020/4/14,30.7,31,30.5,30.6,5902,-0.55,-0.017973856,1
2020/4/15,31.15,32.1,30.95,31.2,10099,-2.4,-0.076923077,0
2020/4/16,30.8,31.5,30.7,31.2,5044,-2.6,-0.083333333,0
2020/4/17,31.7,31.8,29.85,30.05,12621,-1.25,-0.041597338,0
2020/4/20,30.2,30.3,29.65,30.05,4355,-0.9,-0.029950083,1
2020/4/21,29.95,30.35,28.8,28.8,8210,1.2,0.041666667,2
2020/4/22,28.7,29.2,28.35,28.6,5872,1.35,0.047202797,2
2020/4/23,28.95,29.1,28.6,28.8,3737,1.05,0.036458333,2
2020/4/24,28.8,29.45,28.65,29.15,3845,0.85,0.02915952,1
2020/4/27,29.4,30.25,29.25,30,6038,-0.75,-0.025,1
2020/4/28,30.25,30.55,29.85,29.95,4968,-0.55,-0.01836394,1
2020/4/29,30.2,30.35,29.8,29.85,4576,-0.15,-0.005025126,1
2020/4/30,30.25,30.4,29.95,30,5070,-0.9,-0.03,1
2020/5/4,29.45,29.6,29.2,29.25,5140,-0.35,-0.011965812,1
2020/5/5,29.5,29.95,29.35,29.4,3818,-0.5,-0.017006803,1
2020/5/6,29.7,30.15,29.4,29.7,5650,-0.6,-0.02020202,1
2020/5/7,28.95,29.25,28.6,29.1,9471,0.05,0.001718213,1
2020/5/8,29.25,29.3,28.85,28.9,4207,-0.7,-0.024221453,1
2020/5/11,28.95,29.2,28.55,28.9,4883,-0.6,-0.020761246,1
2020/5/12,29.05,29.35,28.85,29.1,4111,-1.15,-0.0395189,0
2020/5/13,29.15,29.4,29,29.15,5390,-0.5,-0.017152659,1
2020/5/14,29.1,29.1,28.15,28.2,6546,0.5,0.017730496,1
2020/5/15,28.75,28.8,28.2,28.3,5320,0.5,0.017667845,1
2020/5/18,28.3,28.5,27.7,27.95,4671,0.15,0.005366726,1
2020/5/19,28.35,28.7,28.15,28.65,4061,0.85,0.029668412,1
2020/5/20,28.85,29.35,28.65,28.7,5502,1.3,0.045296167,2
2020/5/21,28.8,29.15,28.7,28.8,3262,1.9,0.065972222,2
2020/5/22,28.85,28.85,28.1,28.1,4182,1.5,0.053380783,2
2020/5/25,28.65,29.8,28.35,29.5,10271,1,0.033898305,2
2020/5/26,30.4,30.5,29.9,30,11930,0.55,0.018333333,1
2020/5/27,30.85,31.15,30.5,30.7,10708,-0.7,-0.022801303,1
2020/5/28,30.9,31,29.5,29.6,9554,0.55,0.018581081,1
2020/5/29,30,30.5,29.55,30.5,6974,-0.3,-0.009836066,1
2020/6/1,30.5,30.75,30,30.55,6594,-0.4,-0.01309329,1
2020/6/2,30.55,30.55,29.9,30,5346,0.45,0.015,1
2020/6/3,30.3,30.35,29.95,30.15,4670,0,0,1
2020/6/4,30.35,30.7,30.1,30.2,5074,-0.15,-0.004966887,1
2020/6/5,30.2,30.35,29.95,30.15,4147,-0.3,-0.009950249,1
2020/6/8,30.55,30.8,30.2,30.45,6653,-1.3,-0.042692939,0
2020/6/9,30.45,30.55,30.15,30.15,4531,-0.45,-0.014925373,1
2020/6/10,30.3,30.3,29.85,30.05,5640,-0.05,-0.001663894,1
2020/6/11,30.15,30.6,29.8,29.85,8056,0.9,0.030150754,2
2020/6/12,29,29.15,28.45,29.15,9188,1.65,0.056603774,2
2020/6/15,29.3,30.65,29.1,29.7,10571,0.6,0.02020202,1
2020/6/16,30.1,30.45,29.75,30,8050,0.5,0.016666667,1
2020/6/17,30.75,31.4,30.55,30.75,16343,-0.15,-0.004878049,1
2020/6/18,30.7,31.15,30.6,30.8,9427,-0.3,-0.00974026,1
2020/6/19,31,31.2,30.3,30.3,20757,-0.15,-0.004950495,1
2020/6/22,30.6,30.8,30.4,30.5,4186,2.65,0.086885246,2
2020/6/23,30.95,31.1,30.4,30.6,4580,1.75,0.057189542,2
2020/6/24,30.7,31,30.5,30.5,6347,2,0.06557377,2
2020/6/29,30.05,30.5,30.05,30.15,4338,2.25,0.074626866,2
2020/6/30,30.5,33.15,30.45,33.15,23578,-0.05,-0.001508296,1
2020/7/1,33.95,33.95,32.2,32.35,26805,0.6,0.018547141,1
2020/7/2,32.5,33.1,32.2,32.5,10697,0.95,0.029230769,1
2020/7/3,32.75,33.25,32.3,32.4,9814,0.5,0.015432099,1
2020/7/6,32.55,33.75,32.55,33.1,12871,-1.8,-0.054380665,0
2020/7/7,34,34.4,32.85,32.95,13969,-1.15,-0.034901366,0
2020/7/8,32.95,33.9,32.95,33.45,9017,-2.45,-0.073243647,0
2020/7/9,33.8,33.9,32.9,32.9,10263,-2.2,-0.066869301,0
2020/7/10,32.95,33,31.3,31.3,11993,-0.15,-0.004792332,1
2020/7/13,31.65,32.05,31.2,31.8,6472,-0.8,-0.025157233,1
2020/7/14,31.55,31.7,30.85,31,6454,0.5,0.016129032,1
2020/7/15,31.4,31.45,30.7,30.7,6773,0.5,0.016286645,1
2020/7/16,31,31.8,31,31.15,7510,0.1,0.003210273,1
2020/7/17,31.25,31.4,30.45,31,8233,-0.1,-0.003225806,1
2020/7/20,31.1,31.8,30.7,31.5,8655,-0.75,-0.023809524,1
2020/7/21,31.6,31.7,31.15,31.2,7130,-1.15,-0.036858974,0
2020/7/22,31.35,31.65,31.25,31.25,5938,-2.3,-0.0736,0
2020/7/23,31.35,31.5,30.85,30.9,5979,-1.4,-0.045307443,0
2020/7/24,30.85,31.65,30.7,30.75,9181,-0.85,-0.027642276,1
2020/7/27,30.95,31.05,30.05,30.05,7684,-0.15,-0.004991681,1
2020/7/28,30.2,30.5,28.85,28.95,10114,0.9,0.031088083,2
2020/7/29,29.1,29.75,28.95,29.5,5207,0.85,0.028813559,1
2020/7/30,29.9,30.4,29.8,29.9,5356,0.35,0.011705686,1
2020/7/31,30,30.15,29.6,29.9,4334,1.15,0.038461538,2
2020/8/3,30.1,30.35,29.8,29.85,4213,0.25,0.008375209,1
2020/8/4,30.1,31,30,30.35,9970,0.1,0.003294893,1
2020/8/5,30.7,30.75,30.15,30.25,11713,-0.1,-0.003305785,1
2020/8/6,30.55,31.6,30.5,31.05,11226,-1.3,-0.041867955,0
2020/8/7,30.6,30.65,30,30.1,8842,-0.65,-0.021594684,1
2020/8/10,30.15,30.9,30.1,30.45,5095,-0.45,-0.014778325,1
2020/8/11,30.45,30.6,30.15,30.15,4075,0.05,0.001658375,1
2020/8/12,30.2,30.25,29.7,29.75,5304,0,0,1
2020/8/13,30,30.1,29.4,29.45,4613,-0.05,-0.001697793,1
2020/8/14,29.5,30.4,29.4,30,4904,-1.9,-0.063333333,0
2020/8/17,30.4,30.4,29.95,30.2,4924,-1.4,-0.046357616,0
2020/8/18,30.25,30.4,29.65,29.75,3772,-0.85,-0.028571429,1
2020/8/19,29.85,29.95,29.35,29.4,3914,-0.45,-0.015306122,1
2020/8/20,29.4,29.4,27.3,28.1,11633,1.95,0.069395018,2
2020/8/21,28.35,28.9,28.25,28.8,4692,1,0.034722222,2
2020/8/24,28.95,29.4,28.5,28.9,4340,1.1,0.038062284,2
2020/8/25,29.05,29.55,28.9,28.95,3689,1.15,0.039723661,2
2020/8/26,29.15,30.2,28.8,30.05,7348,0.4,0.013311148,1
2020/8/27,30.2,30.55,29.65,29.8,12678,1,0.033557047,2
2020/8/28,29.8,30.3,29.45,30,4334,0.55,0.018333333,1
2020/8/31,30.2,31.05,30.1,30.1,12527,0.5,0.016611296,1
2020/9/1,30.35,30.65,30.05,30.45,5957,0.55,0.018062397,1
2020/9/2,30.85,31.4,30.7,30.8,9835,-0.35,-0.011363636,1
2020/9/3,30.95,31,30.45,30.55,6125,0.45,0.014729951,1
2020/9/4,29.6,30.8,29.6,30.6,6020,-0.05,-0.001633987,1
2020/9/7,31,32,30.8,31,13208,-0.75,-0.024193548,1
2020/9/8,31,31.2,30.4,30.45,5075,0,0,1
2020/9/9,30.15,31.2,30.1,31,6413,-0.3,-0.009677419,1
2020/9/10,31.25,31.3,30.5,30.55,6047,-0.05,-0.001636661,1
2020/9/11,30.7,30.8,30.1,30.25,4118,0,0,1
2020/9/14,30.3,30.6,30.3,30.45,2399,-0.35,-0.011494253,1
2020/9/15,30.65,31.2,30.55,30.7,5915,-0.55,-0.017915309,1
2020/9/16,30.9,31,30.4,30.5,3495,-0.9,-0.029508197,1
2020/9/17,30.5,30.7,30.15,30.25,3258,-0.95,-0.031404959,0
2020/9/18,30.35,30.4,30.1,30.1,3953,-1.75,-0.058139535,0
2020/9/21,30.2,30.6,30.1,30.15,3555,-1.8,-0.059701493,0
2020/9/22,30.1,30.15,29.55,29.6,4857,-1.15,-0.038851351,0
2020/9/23,29.75,29.85,29.3,29.3,4204,-0.7,-0.023890785,1
2020/9/24,29,29.15,28.35,28.35,6330,0.25,0.008818342,1
2020/9/25,28.6,28.8,27.75,28.35,6405,0.55,0.019400353,1
2020/9/28,28.5,28.7,28.3,28.45,3555,0.55,0.019332162,1
2020/9/29,28.7,28.9,28.5,28.6,2838,0.9,0.031468531,2
2020/9/30,28.8,28.8,28.5,28.6,1684,0.6,0.020979021,1
2020/10/5,28.75,28.9,28.6,28.9,1988,0.3,0.010380623,1
2020/10/6,29.05,29.45,29,29,3115,-29,-1,0
2020/10/7,29.75,29.95,29.35,29.5,7856,-29.5,-1,0
2020/10/8,29.55,29.8,29.2,29.2,3558,-29.2,-1,0
2020/10/12,29.25,29.7,29.1,29.2,3534,-29.2,-1,0
